-- SECURITY

-- ROLES
insert into SEC_ROLE (ID, CREATE_TS, VERSION, NAME, ROLE_TYPE) values ('0c018061-b26f-4de2-a5be-dff348347f93', now(), 0, 'Administrators', 10);
INSERT INTO SEC_ROLE (ID,CREATE_TS,CREATED_BY,VERSION,UPDATE_TS,UPDATED_BY,DELETE_TS,DELETED_BY,NAME,LOC_NAME,DESCRIPTION,IS_DEFAULT_ROLE,ROLE_TYPE) VALUES ('23548523-3f0f-f96a-07ff-0d60b9cb5c1b',now(),'admin',1,now(),null,null,null,'Mechanics',null,null,null,30);
INSERT INTO SEC_ROLE (ID,CREATE_TS,CREATED_BY,VERSION,UPDATE_TS,UPDATED_BY,DELETE_TS,DELETED_BY,NAME,LOC_NAME,DESCRIPTION,IS_DEFAULT_ROLE,ROLE_TYPE) VALUES ('91099ca3-194e-6ba5-7aa6-15b03bcef05a',now(),'admin',2,now(),'admin',null,null,'Managers',null,null,null,40);

-- USERS
INSERT INTO SEC_USER (ID,CREATE_TS,CREATED_BY,VERSION,UPDATE_TS,UPDATED_BY,DELETE_TS,DELETED_BY,LOGIN,LOGIN_LC,PASSWORD,PASSWORD_ENCRYPTION,NAME,FIRST_NAME,LAST_NAME,MIDDLE_NAME,POSITION_,EMAIL,LANGUAGE_,TIME_ZONE,TIME_ZONE_AUTO,ACTIVE,GROUP_ID,IP_MASK,CHANGE_PASSWORD_AT_LOGON,PHONE,DTYPE) VALUES ('af89f9b9-5e64-bdf9-2466-5da9c91cf3d4',now(),'admin',1,now(),null,null,null,'mechanic','mechanic','$2a$10$3kFINu4A.tD.RCfQE69lE.66VWFVlyVXBKq0SdNB5nEamQWX07Tti','bcrypt','John Doe','John','Doe',null,null,'jd@example.com','en',null,null,true,'0fa2b1a5-1d68-4d69-9fbd-dff348347f93',null,true,null,'scr$User');
INSERT INTO SEC_USER_ROLE (ID,CREATE_TS,CREATED_BY,VERSION,UPDATE_TS,UPDATED_BY,DELETE_TS,DELETED_BY,USER_ID,ROLE_ID) VALUES ('7c2d9b0b-0d11-ade7-5005-39748c488373',now(),'admin',1,now(),null,null,null,'af89f9b9-5e64-bdf9-2466-5da9c91cf3d4','23548523-3f0f-f96a-07ff-0d60b9cb5c1b');
INSERT INTO SEC_USER (ID,CREATE_TS,CREATED_BY,VERSION,UPDATE_TS,UPDATED_BY,DELETE_TS,DELETED_BY,LOGIN,LOGIN_LC,PASSWORD,PASSWORD_ENCRYPTION,NAME,FIRST_NAME,LAST_NAME,MIDDLE_NAME,POSITION_,EMAIL,LANGUAGE_,TIME_ZONE,TIME_ZONE_AUTO,ACTIVE,GROUP_ID,IP_MASK,CHANGE_PASSWORD_AT_LOGON,PHONE,DTYPE) VALUES ('62864fc8-0273-7c57-890d-314c1fd2fde3',now(),'admin',1,now(),null,null,null,'manager','manager','$2a$10$HvoOHL3rmT6t6RSp6MF7wehKY2MAh6ssQVG6Q31k9x.RavgeKsnXu','bcrypt','Ivan Petrov','Ivan','Petrov',null,null,'ivanp@example.com','en',null,null,true,'0fa2b1a5-1d68-4d69-9fbd-dff348347f93',null,true,null,'scr$User');
INSERT INTO SEC_USER_ROLE (ID,CREATE_TS,CREATED_BY,VERSION,UPDATE_TS,UPDATED_BY,DELETE_TS,DELETED_BY,USER_ID,ROLE_ID,ROLE_NAME) VALUES ('51e0b9a4-0437-ad73-eefe-b34438b27389',now(),'admin',1,now(),null,null,null,'62864fc8-0273-7c57-890d-314c1fd2fde3','91099ca3-194e-6ba5-7aa6-15b03bcef05a',null);

-- PERMISSIONS - MECHANICS
INSERT INTO SEC_PERMISSION (ID,CREATE_TS,CREATED_BY,VERSION,UPDATE_TS,UPDATED_BY,DELETE_TS,DELETED_BY,PERMISSION_TYPE,TARGET,VALUE_,ROLE_ID) VALUES ('4224a29f-20fe-1ba6-bac2-5704afc62a4f',now(),'admin',1,now(),null,null,null,10,'scr$Car.edit',1,'23548523-3f0f-f96a-07ff-0d60b9cb5c1b');
INSERT INTO SEC_PERMISSION (ID,CREATE_TS,CREATED_BY,VERSION,UPDATE_TS,UPDATED_BY,DELETE_TS,DELETED_BY,PERMISSION_TYPE,TARGET,VALUE_,ROLE_ID) VALUES ('09023a03-3eaa-63e2-5439-81e715815b46',now(),'admin',1,now(),null,null,null,10,'scr$Car.browse',1,'23548523-3f0f-f96a-07ff-0d60b9cb5c1b');
INSERT INTO SEC_PERMISSION (ID,CREATE_TS,CREATED_BY,VERSION,UPDATE_TS,UPDATED_BY,DELETE_TS,DELETED_BY,PERMISSION_TYPE,TARGET,VALUE_,ROLE_ID) VALUES ('11919891-c126-3c3e-ae41-28016d374a2a',now(),'admin',1,now(),null,null,null,10,'application',1,'23548523-3f0f-f96a-07ff-0d60b9cb5c1b');

INSERT INTO SEC_PERMISSION (ID,CREATE_TS,CREATED_BY,VERSION,UPDATE_TS,UPDATED_BY,DELETE_TS,DELETED_BY,PERMISSION_TYPE,TARGET,VALUE_,ROLE_ID) VALUES ('4a34b7db-381d-b55d-126b-9bac1c644d1e',now(),'admin',1,now(),null,null,null,20,'scr$Car:read',1,'23548523-3f0f-f96a-07ff-0d60b9cb5c1b');
INSERT INTO SEC_PERMISSION (ID,CREATE_TS,CREATED_BY,VERSION,UPDATE_TS,UPDATED_BY,DELETE_TS,DELETED_BY,PERMISSION_TYPE,TARGET,VALUE_,ROLE_ID) VALUES ('868403ca-5475-7e3e-a5a7-1e700d25824b',now(),'admin',1,now(),null,null,null,20,'scr$Car:delete',1,'23548523-3f0f-f96a-07ff-0d60b9cb5c1b');
INSERT INTO SEC_PERMISSION (ID,CREATE_TS,CREATED_BY,VERSION,UPDATE_TS,UPDATED_BY,DELETE_TS,DELETED_BY,PERMISSION_TYPE,TARGET,VALUE_,ROLE_ID) VALUES ('b12f7355-3358-02ac-f54d-e9b27291c2b2',now(),'admin',1,now(),null,null,null,20,'scr$Car:create',1,'23548523-3f0f-f96a-07ff-0d60b9cb5c1b');
INSERT INTO SEC_PERMISSION (ID,CREATE_TS,CREATED_BY,VERSION,UPDATE_TS,UPDATED_BY,DELETE_TS,DELETED_BY,PERMISSION_TYPE,TARGET,VALUE_,ROLE_ID) VALUES ('2866648a-e6f5-42e4-bf0d-1cb565b27971',now(),'admin',1,now(),null,null,null,20,'scr$Car:update',1,'23548523-3f0f-f96a-07ff-0d60b9cb5c1b');

INSERT INTO SEC_PERMISSION (ID,CREATE_TS,CREATED_BY,VERSION,UPDATE_TS,UPDATED_BY,DELETE_TS,DELETED_BY,PERMISSION_TYPE,TARGET,VALUE_,ROLE_ID) VALUES ('18800190-ba22-8ed1-61ad-7c2f49e2db11',now(),'admin',1,now(),null,null,null,30,'scr$Car:deletedBy',0,'23548523-3f0f-f96a-07ff-0d60b9cb5c1b');
INSERT INTO SEC_PERMISSION (ID,CREATE_TS,CREATED_BY,VERSION,UPDATE_TS,UPDATED_BY,DELETE_TS,DELETED_BY,PERMISSION_TYPE,TARGET,VALUE_,ROLE_ID) VALUES ('2312a5ef-b74e-f7c5-55b7-1ee30eceff03',now(),'admin',1,now(),null,null,null,30,'scr$Car:photo',0,'23548523-3f0f-f96a-07ff-0d60b9cb5c1b');
INSERT INTO SEC_PERMISSION (ID,CREATE_TS,CREATED_BY,VERSION,UPDATE_TS,UPDATED_BY,DELETE_TS,DELETED_BY,PERMISSION_TYPE,TARGET,VALUE_,ROLE_ID) VALUES ('3444b937-5069-52b2-9396-fcbedfe047d6',now(),'admin',1,now(),null,null,null,30,'scr$Car:ecoRank',0,'23548523-3f0f-f96a-07ff-0d60b9cb5c1b');
INSERT INTO SEC_PERMISSION (ID,CREATE_TS,CREATED_BY,VERSION,UPDATE_TS,UPDATED_BY,DELETE_TS,DELETED_BY,PERMISSION_TYPE,TARGET,VALUE_,ROLE_ID) VALUES ('44c2e708-64d8-0045-6f5b-e33d6140f287',now(),'admin',1,now(),null,null,null,30,'scr$Car:mileage',1,'23548523-3f0f-f96a-07ff-0d60b9cb5c1b');
INSERT INTO SEC_PERMISSION (ID,CREATE_TS,CREATED_BY,VERSION,UPDATE_TS,UPDATED_BY,DELETE_TS,DELETED_BY,PERMISSION_TYPE,TARGET,VALUE_,ROLE_ID) VALUES ('4bcef35b-326c-0dac-ca32-d789033106f0',now(),'admin',1,now(),null,null,null,30,'scr$Car:updatedBy',0,'23548523-3f0f-f96a-07ff-0d60b9cb5c1b');
INSERT INTO SEC_PERMISSION (ID,CREATE_TS,CREATED_BY,VERSION,UPDATE_TS,UPDATED_BY,DELETE_TS,DELETED_BY,PERMISSION_TYPE,TARGET,VALUE_,ROLE_ID) VALUES ('68bc5c71-e5a9-25e5-aba0-5674d6c23d77',now(),'admin',1,now(),null,null,null,30,'scr$Car:garage',0,'23548523-3f0f-f96a-07ff-0d60b9cb5c1b');
INSERT INTO SEC_PERMISSION (ID,CREATE_TS,CREATED_BY,VERSION,UPDATE_TS,UPDATED_BY,DELETE_TS,DELETED_BY,PERMISSION_TYPE,TARGET,VALUE_,ROLE_ID) VALUES ('7801cafe-f96c-83ef-5e49-189517d6bdcf',now(),'admin',1,now(),null,null,null,30,'scr$Car:maxPassengers',0,'23548523-3f0f-f96a-07ff-0d60b9cb5c1b');
INSERT INTO SEC_PERMISSION (ID,CREATE_TS,CREATED_BY,VERSION,UPDATE_TS,UPDATED_BY,DELETE_TS,DELETED_BY,PERMISSION_TYPE,TARGET,VALUE_,ROLE_ID) VALUES ('7a744222-6518-b1ae-e123-4a1d151dcc1f',now(),'admin',1,now(),null,null,null,30,'scr$Car:wheelOnRight',0,'23548523-3f0f-f96a-07ff-0d60b9cb5c1b');
INSERT INTO SEC_PERMISSION (ID,CREATE_TS,CREATED_BY,VERSION,UPDATE_TS,UPDATED_BY,DELETE_TS,DELETED_BY,PERMISSION_TYPE,TARGET,VALUE_,ROLE_ID) VALUES ('8b35523b-c726-64a9-c6f2-d7c04785785a',now(),'admin',1,now(),null,null,null,30,'scr$Car:deleteTs',0,'23548523-3f0f-f96a-07ff-0d60b9cb5c1b');
INSERT INTO SEC_PERMISSION (ID,CREATE_TS,CREATED_BY,VERSION,UPDATE_TS,UPDATED_BY,DELETE_TS,DELETED_BY,PERMISSION_TYPE,TARGET,VALUE_,ROLE_ID) VALUES ('8b79aa89-a97e-3b24-9a1f-bc9b63c441a0',now(),'admin',1,now(),null,null,null,30,'scr$Car:createTs',0,'23548523-3f0f-f96a-07ff-0d60b9cb5c1b');
INSERT INTO SEC_PERMISSION (ID,CREATE_TS,CREATED_BY,VERSION,UPDATE_TS,UPDATED_BY,DELETE_TS,DELETED_BY,PERMISSION_TYPE,TARGET,VALUE_,ROLE_ID) VALUES ('9dcca375-ac2f-ce13-8a98-8bc4ae07db1a',now(),'admin',1,now(),null,null,null,30,'scr$Car:technicalCertificate',0,'23548523-3f0f-f96a-07ff-0d60b9cb5c1b');
INSERT INTO SEC_PERMISSION (ID,CREATE_TS,CREATED_BY,VERSION,UPDATE_TS,UPDATED_BY,DELETE_TS,DELETED_BY,PERMISSION_TYPE,TARGET,VALUE_,ROLE_ID) VALUES ('9f76a1dc-c734-bb8b-a38f-3ee637bcc212',now(),'admin',1,now(),null,null,null,30,'scr$Car:manufactureDate',0,'23548523-3f0f-f96a-07ff-0d60b9cb5c1b');
INSERT INTO SEC_PERMISSION (ID,CREATE_TS,CREATED_BY,VERSION,UPDATE_TS,UPDATED_BY,DELETE_TS,DELETED_BY,PERMISSION_TYPE,TARGET,VALUE_,ROLE_ID) VALUES ('c89f7b4c-1e6c-41f1-ebd7-99712aa7d702',now(),'admin',1,now(),null,null,null,30,'scr$Car:id',0,'23548523-3f0f-f96a-07ff-0d60b9cb5c1b');
INSERT INTO SEC_PERMISSION (ID,CREATE_TS,CREATED_BY,VERSION,UPDATE_TS,UPDATED_BY,DELETE_TS,DELETED_BY,PERMISSION_TYPE,TARGET,VALUE_,ROLE_ID) VALUES ('cbcf870e-4281-5ce2-123d-36382b78d499',now(),'admin',1,now(),null,null,null,30,'scr$Car:createdBy',0,'23548523-3f0f-f96a-07ff-0d60b9cb5c1b');
INSERT INTO SEC_PERMISSION (ID,CREATE_TS,CREATED_BY,VERSION,UPDATE_TS,UPDATED_BY,DELETE_TS,DELETED_BY,PERMISSION_TYPE,TARGET,VALUE_,ROLE_ID) VALUES ('cf846c03-c29a-40b6-2215-a0622ded8aa5',now(),'admin',1,now(),null,null,null,30,'scr$Car:price',0,'23548523-3f0f-f96a-07ff-0d60b9cb5c1b');
INSERT INTO SEC_PERMISSION (ID,CREATE_TS,CREATED_BY,VERSION,UPDATE_TS,UPDATED_BY,DELETE_TS,DELETED_BY,PERMISSION_TYPE,TARGET,VALUE_,ROLE_ID) VALUES ('d9a60137-065a-081e-fdcc-9d9f5e0cba3f',now(),'admin',1,now(),null,null,null,30,'scr$Car:updateTs',0,'23548523-3f0f-f96a-07ff-0d60b9cb5c1b');
INSERT INTO SEC_PERMISSION (ID,CREATE_TS,CREATED_BY,VERSION,UPDATE_TS,UPDATED_BY,DELETE_TS,DELETED_BY,PERMISSION_TYPE,TARGET,VALUE_,ROLE_ID) VALUES ('de608a9a-a5af-78b5-1167-ed183374fe85',now(),'admin',1,now(),null,null,null,30,'scr$Car:version',0,'23548523-3f0f-f96a-07ff-0d60b9cb5c1b');
INSERT INTO SEC_PERMISSION (ID,CREATE_TS,CREATED_BY,VERSION,UPDATE_TS,UPDATED_BY,DELETE_TS,DELETED_BY,PERMISSION_TYPE,TARGET,VALUE_,ROLE_ID) VALUES ('e3322eb8-107c-d0aa-fc34-139d6a195217',now(),'admin',1,now(),null,null,null,30,'scr$Car:purchaseDate',0,'23548523-3f0f-f96a-07ff-0d60b9cb5c1b');
INSERT INTO SEC_PERMISSION (ID,CREATE_TS,CREATED_BY,VERSION,UPDATE_TS,UPDATED_BY,DELETE_TS,DELETED_BY,PERMISSION_TYPE,TARGET,VALUE_,ROLE_ID) VALUES ('f24e4496-2f78-33ad-2f8d-21c94899ded4',now(),'admin',1,now(),null,null,null,30,'scr$Car:regNumber',0,'23548523-3f0f-f96a-07ff-0d60b9cb5c1b');

INSERT INTO SEC_PERMISSION (ID,CREATE_TS,CREATED_BY,VERSION,UPDATE_TS,UPDATED_BY,DELETE_TS,DELETED_BY,PERMISSION_TYPE,TARGET,VALUE_,ROLE_ID) VALUES ('35010e42-f9c1-dde3-655d-98c2956225a8',now(),'admin',1,now(),null,null,null,40,'cuba.restApi.fileUpload.enabled',1,'23548523-3f0f-f96a-07ff-0d60b9cb5c1b');
INSERT INTO SEC_PERMISSION (ID,CREATE_TS,CREATED_BY,VERSION,UPDATE_TS,UPDATED_BY,DELETE_TS,DELETED_BY,PERMISSION_TYPE,TARGET,VALUE_,ROLE_ID) VALUES ('5dbc9ae5-c869-5e0b-63da-5cf4dad29e48',now(),'admin',1,now(),null,null,null,40,'cuba.restApi.enabled',1,'23548523-3f0f-f96a-07ff-0d60b9cb5c1b');

-- PERMISSIONS - MANAGERS
INSERT INTO SEC_PERMISSION (ID,CREATE_TS,CREATED_BY,VERSION,UPDATE_TS,UPDATED_BY,DELETE_TS,DELETED_BY,PERMISSION_TYPE,TARGET,VALUE_,ROLE_ID) VALUES ('375a7d63-8484-3a77-a90b-9965db63d634',now(),'admin',1,now(),null,null,null,10,'application',1,'91099ca3-194e-6ba5-7aa6-15b03bcef05a');
INSERT INTO SEC_PERMISSION (ID,CREATE_TS,CREATED_BY,VERSION,UPDATE_TS,UPDATED_BY,DELETE_TS,DELETED_BY,PERMISSION_TYPE,TARGET,VALUE_,ROLE_ID) VALUES ('0d0c1a61-da7e-9ce8-bbf1-b77aa4d8b7aa',now(),'admin',1,now(),null,null,null,20,'scr$Car:delete',1,'91099ca3-194e-6ba5-7aa6-15b03bcef05a');
INSERT INTO SEC_PERMISSION (ID,CREATE_TS,CREATED_BY,VERSION,UPDATE_TS,UPDATED_BY,DELETE_TS,DELETED_BY,PERMISSION_TYPE,TARGET,VALUE_,ROLE_ID) VALUES ('5d2d3bc2-a2d0-80e0-7ed2-966eb43830be',now(),'admin',1,now(),null,null,null,20,'scr$Car:read',1,'91099ca3-194e-6ba5-7aa6-15b03bcef05a');
INSERT INTO SEC_PERMISSION (ID,CREATE_TS,CREATED_BY,VERSION,UPDATE_TS,UPDATED_BY,DELETE_TS,DELETED_BY,PERMISSION_TYPE,TARGET,VALUE_,ROLE_ID) VALUES ('5fdaf791-d9be-8ac4-0ae4-d1c9b26df4cc',now(),'admin',1,now(),null,null,null,20,'scr$Car:update',1,'91099ca3-194e-6ba5-7aa6-15b03bcef05a');
INSERT INTO SEC_PERMISSION (ID,CREATE_TS,CREATED_BY,VERSION,UPDATE_TS,UPDATED_BY,DELETE_TS,DELETED_BY,PERMISSION_TYPE,TARGET,VALUE_,ROLE_ID) VALUES ('792c50bf-417e-a05a-a70a-65da35986ae8',now(),'admin',1,now(),null,null,null,10,'scr$Car.browse',1,'91099ca3-194e-6ba5-7aa6-15b03bcef05a');
INSERT INTO SEC_PERMISSION (ID,CREATE_TS,CREATED_BY,VERSION,UPDATE_TS,UPDATED_BY,DELETE_TS,DELETED_BY,PERMISSION_TYPE,TARGET,VALUE_,ROLE_ID) VALUES ('7e52dc0c-a757-0cb6-4618-8b685d144390',now(),'admin',1,now(),null,null,null,20,'scr$Car:create',1,'91099ca3-194e-6ba5-7aa6-15b03bcef05a');
INSERT INTO SEC_PERMISSION (ID,CREATE_TS,CREATED_BY,VERSION,UPDATE_TS,UPDATED_BY,DELETE_TS,DELETED_BY,PERMISSION_TYPE,TARGET,VALUE_,ROLE_ID) VALUES ('a3fc94e2-1cbf-cf52-0ac6-dc284e1bd9dd',now(),'admin',1,now(),null,null,null,10,'scr$Car.edit',1,'91099ca3-194e-6ba5-7aa6-15b03bcef05a');
INSERT INTO SEC_PERMISSION (ID,CREATE_TS,CREATED_BY,VERSION,UPDATE_TS,UPDATED_BY,DELETE_TS,DELETED_BY,PERMISSION_TYPE,TARGET,VALUE_,ROLE_ID) VALUES ('879ee3d2-4107-8581-3da2-a19ae3b9e57f',now(),'admin',1,now(),null,null,null,30,'scr$Car:carType',2,'91099ca3-194e-6ba5-7aa6-15b03bcef05a');
INSERT INTO SEC_PERMISSION (ID,CREATE_TS,CREATED_BY,VERSION,UPDATE_TS,UPDATED_BY,DELETE_TS,DELETED_BY,PERMISSION_TYPE,TARGET,VALUE_,ROLE_ID) VALUES ('02a59ea2-047b-5d06-043c-99e7a6e0adfe',now(),'admin',1,now(),null,null,null,30,'scr$Car:manufacturer',2,'91099ca3-194e-6ba5-7aa6-15b03bcef05a');
INSERT INTO SEC_PERMISSION (ID,CREATE_TS,CREATED_BY,VERSION,UPDATE_TS,UPDATED_BY,DELETE_TS,DELETED_BY,PERMISSION_TYPE,TARGET,VALUE_,ROLE_ID) VALUES ('cbdf3cc5-dc1c-cc67-f4f4-1d75bac60878',now(),'admin',1,now(),null,null,null,30,'scr$Car:regNumber',2,'91099ca3-194e-6ba5-7aa6-15b03bcef05a');
INSERT INTO SEC_PERMISSION (ID,CREATE_TS,CREATED_BY,VERSION,UPDATE_TS,UPDATED_BY,DELETE_TS,DELETED_BY,PERMISSION_TYPE,TARGET,VALUE_,ROLE_ID) VALUES ('e4cf8ce1-2eb5-36fe-7ad9-ec83e98fc290',now(),'admin',1,now(),null,null,null,30,'scr$Car:model',2,'91099ca3-194e-6ba5-7aa6-15b03bcef05a');

INSERT INTO SEC_PERMISSION (ID,CREATE_TS,CREATED_BY,VERSION,UPDATE_TS,UPDATED_BY,DELETE_TS,DELETED_BY,PERMISSION_TYPE,TARGET,VALUE_,ROLE_ID) VALUES ('20d28e51-a877-33d5-cca4-b408c3a3f557',now(),'admin',1,now(),null,null,null,40,'cuba.restApi.enabled',1,'91099ca3-194e-6ba5-7aa6-15b03bcef05a');
INSERT INTO SEC_PERMISSION (ID,CREATE_TS,CREATED_BY,VERSION,UPDATE_TS,UPDATED_BY,DELETE_TS,DELETED_BY,PERMISSION_TYPE,TARGET,VALUE_,ROLE_ID) VALUES ('35462aa7-c709-9cf3-735a-19e2368581a5',now(),'admin',1,now(),null,null,null,40,'cuba.restApi.fileUpload.enabled',1,'91099ca3-194e-6ba5-7aa6-15b03bcef05a');

-- DATA

-- CARS
INSERT INTO SCR_CAR (ID,VERSION,CREATE_TS,CREATED_BY,UPDATE_TS,UPDATED_BY,DELETE_TS,DELETED_BY,MANUFACTURER,MODEL,REG_NUMBER,PURCHASE_DATE,MANUFACTURE_DATE,WHEEL_ON_RIGHT,CAR_TYPE,ECO_RANK,GARAGE_ID,MAX_PASSENGERS,PRICE,MILEAGE,TECHNICAL_CERTIFICATE_ID,PHOTO_ID) VALUES ('3da61043-aaad-7e30-c7f5-c1f1328d3980',1,now(),'admin',now(),null,null,null,'VAZ','2121','ab345',null,null,null,'SEDAN',null,null,null,null,null,null,null);
INSERT INTO SCR_CAR (ID,VERSION,CREATE_TS,CREATED_BY,UPDATE_TS,UPDATED_BY,DELETE_TS,DELETED_BY,MANUFACTURER,MODEL,REG_NUMBER,PURCHASE_DATE,MANUFACTURE_DATE,WHEEL_ON_RIGHT,CAR_TYPE,ECO_RANK,GARAGE_ID,MAX_PASSENGERS,PRICE,MILEAGE,TECHNICAL_CERTIFICATE_ID,PHOTO_ID) VALUES ('5f14d58d-6f24-4590-eef9-4b5885ed3e34',1,now(),'mechanic',now(),null,null,null,'ZAZ','968M','a010a',null,null,null,'SEDAN',1,null,null,null,null,null,null);
INSERT INTO SCR_CAR (ID,VERSION,CREATE_TS,CREATED_BY,UPDATE_TS,UPDATED_BY,DELETE_TS,DELETED_BY,MANUFACTURER,MODEL,REG_NUMBER,PURCHASE_DATE,MANUFACTURE_DATE,WHEEL_ON_RIGHT,CAR_TYPE,ECO_RANK,GARAGE_ID,MAX_PASSENGERS,PRICE,MILEAGE,TECHNICAL_CERTIFICATE_ID,PHOTO_ID) VALUES ('63e88502-3cf0-382c-8f5f-07a0c8a4d9b2',1,now(),'mechanic',now(),null,null,null,'GAZ','2410','aaabb',null,null,null,'HATCHBACK',null,null,null,null,null,null,null);
INSERT INTO SCR_CAR (ID,VERSION,CREATE_TS,CREATED_BY,UPDATE_TS,UPDATED_BY,DELETE_TS,DELETED_BY,MANUFACTURER,MODEL,REG_NUMBER,PURCHASE_DATE,MANUFACTURE_DATE,WHEEL_ON_RIGHT,CAR_TYPE,ECO_RANK,GARAGE_ID,MAX_PASSENGERS,PRICE,MILEAGE,TECHNICAL_CERTIFICATE_ID,PHOTO_ID) VALUES ('73c05bf0-ef67-4291-48a2-1481fc7f17e6',1,now(),'mechanic',now(),null,null,null,'AZLK','2141','az123',null,null,null,'HATCHBACK',null,null,null,null,null,null,null);
INSERT INTO SCR_CAR (ID,VERSION,CREATE_TS,CREATED_BY,UPDATE_TS,UPDATED_BY,DELETE_TS,DELETED_BY,MANUFACTURER,MODEL,REG_NUMBER,PURCHASE_DATE,MANUFACTURE_DATE,WHEEL_ON_RIGHT,CAR_TYPE,ECO_RANK,GARAGE_ID,MAX_PASSENGERS,PRICE,MILEAGE,TECHNICAL_CERTIFICATE_ID,PHOTO_ID) VALUES ('bf6791e6-0e0a-8ca1-6a98-75b0a8971676',2,now(),'admin',now(),'admin',null,null,'bmw','X0','x00zz',null,null,null,'SEDAN',null,null,null,null,null,null,null);
INSERT INTO SCR_CAR (ID,VERSION,CREATE_TS,CREATED_BY,UPDATE_TS,UPDATED_BY,DELETE_TS,DELETED_BY,MANUFACTURER,MODEL,REG_NUMBER,PURCHASE_DATE,MANUFACTURE_DATE,WHEEL_ON_RIGHT,CAR_TYPE,ECO_RANK,GARAGE_ID,MAX_PASSENGERS,PRICE,MILEAGE,TECHNICAL_CERTIFICATE_ID,PHOTO_ID) VALUES ('c2a14bec-cd7d-a3e4-1581-db243cf704aa',1,now(),'mechanic',now(),null,null,null,'Porshe','911',null,null,null,null,'SEDAN',null,null,null,null,null,null,null);
INSERT INTO SCR_CAR (ID,VERSION,CREATE_TS,CREATED_BY,UPDATE_TS,UPDATED_BY,DELETE_TS,DELETED_BY,MANUFACTURER,MODEL,REG_NUMBER,PURCHASE_DATE,MANUFACTURE_DATE,WHEEL_ON_RIGHT,CAR_TYPE,ECO_RANK,GARAGE_ID,MAX_PASSENGERS,PRICE,MILEAGE,TECHNICAL_CERTIFICATE_ID,PHOTO_ID) VALUES ('f44d486f-2fa3-4789-d02a-c1d2b2c67fc6',1,now(),'mechanic',now(),null,null,null,'Tesla','Model Y','tt444',null,null,null,'HATCHBACK',null,null,null,null,null,null,null);
INSERT INTO SCR_CAR (ID,VERSION,CREATE_TS,CREATED_BY,UPDATE_TS,UPDATED_BY,DELETE_TS,DELETED_BY,MANUFACTURER,MODEL,REG_NUMBER,PURCHASE_DATE,MANUFACTURE_DATE,WHEEL_ON_RIGHT,CAR_TYPE,ECO_RANK,GARAGE_ID,MAX_PASSENGERS,PRICE,MILEAGE,TECHNICAL_CERTIFICATE_ID,PHOTO_ID) VALUES ('fc63ccfc-e8e9-5486-5c38-98ae42f729da',2,now(),'mechanic',now(),'mechanic',null,null,'Mercedes',null,'mmbbb',null,null,null,'SEDAN',null,null,null,null,null,null,null);

-- GARAGE
INSERT INTO SCR_GARAGE (id, version, create_ts, created_by, update_ts, updated_by, delete_ts, deleted_by, name, address, capacity, van_entry, working_hours_from, working_hours_to) VALUES ('d99d468e-3cc0-01da-295e-595e48fec620', 2, '2020-01-23 10:47:53.018', 'anonymous', '2020-01-23 11:37:18.266', 'anonymous', NULL, NULL, 'P.S. 118', 'Apt. 996 006 Grant Passage, North Bennymouth, NJ 82878-0684', 56, true, '11:11:00', '22:22:00');
INSERT INTO SCR_GARAGE (id, version, create_ts, created_by, update_ts, updated_by, delete_ts, deleted_by, name, address, capacity, van_entry, working_hours_from, working_hours_to) VALUES ('bfe41616-f03d-f287-1397-8619f5dde390', 2, '2020-01-23 10:48:11.58', 'anonymous', '2020-01-23 11:37:27.727', 'anonymous', NULL, NULL, 'Big Bob''s Beeper Emporium', '9943 Anderson Rest, South Marcelo, OH 85224', 50, false, '10:00:00', '20:00:00');
INSERT INTO SCR_GARAGE (id, version, create_ts, created_by, update_ts, updated_by, delete_ts, deleted_by, name, address, capacity, van_entry, working_hours_from, working_hours_to) VALUES ('d881e37a-d28a-4e48-cb96-668d4a6fb57d', 2, '2020-01-23 10:48:11.58', 'anonymous', '2020-01-23 11:37:39.069', 'anonymous', NULL, NULL, 'Watch Repair', '82964 Madeline Squares, East Diannaside, MS 41249-9843', 7, false, '09:00:00', '17:00:00');
INSERT INTO SCR_GARAGE (id, version, create_ts, created_by, update_ts, updated_by, delete_ts, deleted_by, name, address, capacity, van_entry, working_hours_from, working_hours_to) VALUES ('4e0ba898-74e4-8ab7-58fc-044364221044', 2, '2020-01-23 10:48:11.58', 'anonymous', '2020-01-23 11:37:52.707', 'anonymous', NULL, NULL, 'The Fudge Place', '28659 Del Fork, Cronaton, DE 19395-0586', 20, true, '10:00:00', '20:00:00');
INSERT INTO SCR_GARAGE (id, version, create_ts, created_by, update_ts, updated_by, delete_ts, deleted_by, name, address, capacity, van_entry, working_hours_from, working_hours_to) VALUES ('2094170e-5739-43bd-ed5c-783c949c9948', 2, '2020-01-23 10:48:11.58', 'anonymous', '2020-01-23 11:37:59.465', 'anonymous', NULL, NULL, 'Chez Paris', 'Suite 721 491 Horacio Row, Edmundburgh, ID 27181', 71, true, '10:00:00', '21:00:00');
INSERT INTO SCR_GARAGE (id, version, create_ts, created_by, update_ts, updated_by, delete_ts, deleted_by, name, address, capacity, van_entry, working_hours_from, working_hours_to) VALUES ('18a4b0b4-b7b5-da87-e5d8-c8f02e97eda5', 2, '2020-01-23 10:48:11.58', 'anonymous', '2020-01-23 11:38:13.644', 'anonymous', NULL, NULL, 'Gerald Field', '02804 Leisa Spurs, Josefville, LA 19687-0193', 20, true, '00:00:00', '00:00:00');
INSERT INTO SCR_GARAGE (id, version, create_ts, created_by, update_ts, updated_by, delete_ts, deleted_by, name, address, capacity, van_entry, working_hours_from, working_hours_to) VALUES ('1e3cb465-c0d8-1f31-4231-08c34e101fc3', 2, '2020-01-23 10:48:11.58', 'anonymous', '2020-01-23 11:38:20.179', 'anonymous', NULL, NULL, 'Roscoe''s Funky Rags', 'Suite 082 459 Francis Pass, South Delberthaven, OR 46039', 21, true, '00:00:00', '00:00:00');
INSERT INTO SCR_GARAGE (id, version, create_ts, created_by, update_ts, updated_by, delete_ts, deleted_by, name, address, capacity, van_entry, working_hours_from, working_hours_to) VALUES ('b79e6fc9-f07a-d5cd-e072-8104a5d5101d', 2, '2020-01-23 10:48:11.579', 'anonymous', '2020-01-23 11:38:28.272', 'anonymous', NULL, NULL, 'The Fudge Place', 'Apt. 169 48961 Bernie Hill, Deandretown, SC 13932-0730', 63, false, '09:00:00', '17:00:00');
INSERT INTO SCR_GARAGE (id, version, create_ts, created_by, update_ts, updated_by, delete_ts, deleted_by, name, address, capacity, van_entry, working_hours_from, working_hours_to) VALUES ('ca83fc1c-95e5-d012-35bf-151b7f720264', 2, '2020-01-23 10:48:11.58', 'anonymous', '2020-01-23 11:38:36.729', 'anonymous', NULL, NULL, 'Sunset Arms', '7544 Darin Creek, New Thad, OH 45678-3629', 50, true, '21:00:00', '07:00:00');
INSERT INTO SCR_GARAGE (id, version, create_ts, created_by, update_ts, updated_by, delete_ts, deleted_by, name, address, capacity, van_entry, working_hours_from, working_hours_to) VALUES ('ff01c573-ebf3-c704-3ad0-fd582f7a2a12', 2, '2020-01-23 10:48:11.58', 'anonymous', '2020-01-23 11:38:46.966', 'anonymous', NULL, NULL, 'Hillwood City', '9017 Lawrence Course, Kelleyport, MD 13766', 9, true, '22:22:00', '11:11:00');

-- SCR_ASSOCIATION_O2O_TEST_ENTITY
INSERT INTO SCR_ASSOCIATION_O2O_TEST_ENTITY (ID,VERSION,CREATE_TS,CREATED_BY,UPDATE_TS,UPDATED_BY,DELETE_TS,DELETED_BY,NAME) VALUES ('1a8f4cd6-bc3a-46ef-8816-dda6ad484137',1,now(),'admin',now(),null,null,null,'ASSOCIATION-O2O-1');
INSERT INTO SCR_ASSOCIATION_O2O_TEST_ENTITY (ID,VERSION,CREATE_TS,CREATED_BY,UPDATE_TS,UPDATED_BY,DELETE_TS,DELETED_BY,NAME) VALUES ('41b2d8cd-4976-487c-9df7-4c8ec900bdf6',1,now(),'admin',now(),null,null,null,'ASSOCIATION-O2O-2');

-- SCR_DATATYPES_TEST_ENTITY
INSERT INTO SCR_DATATYPES_TEST_ENTITY (ID,VERSION,CREATE_TS,CREATED_BY,UPDATE_TS,UPDATED_BY,DELETE_TS,DELETED_BY,NAME,BIG_DECIMAL_ATTR, BOOLEAN_ATTR, BYTE_ARRAY_ATTR, DATE_ATTR, DATE_TIME_ATTR, DOUBLE_ATTR, INTEGER_ATTR, LONG_ATTR, STRING_ATTR, TIME_ATTR, UUID_ATTR, LOCAL_DATE_TIME_ATTR, OFFSET_DATE_TIME_ATTR, LOCAL_DATE_ATTR, LOCAL_TIME_ATTR, OFFSET_TIME_ATTR, ENUM_ATTR, ASSOCIATION_O2_OATTR_ID, ASSOCIATION_M2_OATTR_ID, COMPOSITION_O2_OATTR_ID) VALUES ('032fd8a5-e042-4828-a802-36cbd2ce12de',1,now(),'admin',now(),null,null,null,'Datatypes Test 1',9131354156.12,true,'0x1234567',now(),now(),32.521,10482,9223372036854775807,'1ubupyH2Zs',now(),'c6a1cee6-f562-48a0-acbe-9625e0b278b1',now(),now(),now(),now(),now(),'A',null,null,null);
INSERT INTO SCR_DATATYPES_TEST_ENTITY (ID,VERSION,CREATE_TS,CREATED_BY,UPDATE_TS,UPDATED_BY,DELETE_TS,DELETED_BY,NAME,BIG_DECIMAL_ATTR, BOOLEAN_ATTR, BYTE_ARRAY_ATTR, DATE_ATTR, DATE_TIME_ATTR, DOUBLE_ATTR, INTEGER_ATTR, LONG_ATTR, STRING_ATTR, TIME_ATTR, UUID_ATTR, LOCAL_DATE_TIME_ATTR, OFFSET_DATE_TIME_ATTR, LOCAL_DATE_ATTR, LOCAL_TIME_ATTR, OFFSET_TIME_ATTR, ENUM_ATTR, ASSOCIATION_O2_OATTR_ID, ASSOCIATION_M2_OATTR_ID, COMPOSITION_O2_OATTR_ID) VALUES ('b1a1f3c9-6076-4725-8c4a-65a4267d15e1',1,now(),'admin',now(),null,null,null,'Datatypes Test 2',8273729824.34,false,'0xABCDEF0',now(),now(),8234.3462,304221,984299284249651,'kddk2Jfdks',now(),'9b4188bf-c382-4b89-aedf-b6bcee6f2f76',now(),now(),now(),now(),now(),'B',null,null,null);

-- SCR_ASSOCIATION_O2M_TEST_ENTITY
INSERT INTO SCR_ASSOCIATION_O2M_TEST_ENTITY (ID,VERSION,CREATE_TS,CREATED_BY,UPDATE_TS,UPDATED_BY,DELETE_TS,DELETED_BY,NAME,DATATYPES_TEST_ENTITY_ID) VALUES ('52a7b1e4-4727-4802-9eb2-b58bce0eaf6e',1,now(),'admin',now(),null,null,null,'ASSOCIATION-O2M-1','032fd8a5-e042-4828-a802-36cbd2ce12de');
INSERT INTO SCR_ASSOCIATION_O2M_TEST_ENTITY (ID,VERSION,CREATE_TS,CREATED_BY,UPDATE_TS,UPDATED_BY,DELETE_TS,DELETED_BY,NAME,DATATYPES_TEST_ENTITY_ID) VALUES ('6eac3bce-f4b9-4c19-816c-3a06e0222cdb',1,now(),'admin',now(),null,null,null,'ASSOCIATION-O2M-2','b1a1f3c9-6076-4725-8c4a-65a4267d15e1');

-- SCR_ASSOCIATION_M2M_TEST_ENTITY
INSERT INTO SCR_ASSOCIATION_M2M_TEST_ENTITY (ID,VERSION,CREATE_TS,CREATED_BY,UPDATE_TS,UPDATED_BY,DELETE_TS,DELETED_BY,NAME) VALUES ('fe66289d-bf1d-4777-90f7-788a1a4ed0fa',1,now(),'admin',now(),null,null,null,'ASSOCIATION-M2M-1');
INSERT INTO SCR_ASSOCIATION_M2M_TEST_ENTITY (ID,VERSION,CREATE_TS,CREATED_BY,UPDATE_TS,UPDATED_BY,DELETE_TS,DELETED_BY,NAME) VALUES ('a13fe377-43a9-45e7-9b08-cefd4fac3761',1,now(),'admin',now(),null,null,null,'ASSOCIATION-M2M-2');
INSERT INTO SCR_ASSOCIATION_M2M_TEST_ENTITY (ID,VERSION,CREATE_TS,CREATED_BY,UPDATE_TS,UPDATED_BY,DELETE_TS,DELETED_BY,NAME) VALUES ('8109ac31-9982-4156-ba30-a34591a4142b',1,now(),'admin',now(),null,null,null,'ASSOCIATION-M2M-3');

-- SCR_ASSOCIATION_M2O_TEST_ENTITY
INSERT INTO SCR_ASSOCIATION_M2O_TEST_ENTITY (ID,VERSION,CREATE_TS,CREATED_BY,UPDATE_TS,UPDATED_BY,DELETE_TS,DELETED_BY,NAME) VALUES ('f6a3afc1-2c68-437c-9654-baf0035e34d0',1,now(),'admin',now(),null,null,null,'ASSOCIATION-M2O-1');
INSERT INTO SCR_ASSOCIATION_M2O_TEST_ENTITY (ID,VERSION,CREATE_TS,CREATED_BY,UPDATE_TS,UPDATED_BY,DELETE_TS,DELETED_BY,NAME) VALUES ('dc9f6583-1262-40b2-857e-f9b0d85783bd',1,now(),'admin',now(),null,null,null,'ASSOCIATION-M2O-2');
INSERT INTO SCR_ASSOCIATION_M2O_TEST_ENTITY (ID,VERSION,CREATE_TS,CREATED_BY,UPDATE_TS,UPDATED_BY,DELETE_TS,DELETED_BY,NAME) VALUES ('d5874d49-3b0f-4298-8e5e-f304597ae27c',1,now(),'admin',now(),null,null,null,'ASSOCIATION-M2O-3');

-- SCR_COMPOSITION_O2O_TEST_ENTITY
INSERT INTO SCR_COMPOSITION_O2O_TEST_ENTITY (ID,VERSION,CREATE_TS,CREATED_BY,UPDATE_TS,UPDATED_BY,DELETE_TS,DELETED_BY,NAME) VALUES ('76b5eb8c-522c-40ab-bd00-c761353684b3',1,now(),'admin',now(),null,null,null,'COMPOSITION-O2O-1');
INSERT INTO SCR_COMPOSITION_O2O_TEST_ENTITY (ID,VERSION,CREATE_TS,CREATED_BY,UPDATE_TS,UPDATED_BY,DELETE_TS,DELETED_BY,NAME) VALUES ('b7cae0ab-7192-49de-9dcc-17e5db5c65c1',1,now(),'admin',now(),null,null,null,'COMPOSITION-O2O-2');

-- SCR_COMPOSITION_O2M_TEST_ENTITY
INSERT INTO SCR_COMPOSITION_O2M_TEST_ENTITY (ID,VERSION,CREATE_TS,CREATED_BY,UPDATE_TS,UPDATED_BY,DELETE_TS,DELETED_BY,NAME,DATATYPES_TEST_ENTITY_ID) VALUES ('6bea7f06-8247-4d80-85e9-0f4ddc6abf0a',1,now(),'admin',now(),null,null,null,'COMPOSITION-O2M-1','032fd8a5-e042-4828-a802-36cbd2ce12de');
INSERT INTO SCR_COMPOSITION_O2M_TEST_ENTITY (ID,VERSION,CREATE_TS,CREATED_BY,UPDATE_TS,UPDATED_BY,DELETE_TS,DELETED_BY,NAME,DATATYPES_TEST_ENTITY_ID) VALUES ('12221d3b-ef8f-4857-9865-8a02bfa500c1',1,now(),'admin',now(),null,null,null,'COMPOSITION-O2M-2','b1a1f3c9-6076-4725-8c4a-65a4267d15e1');
INSERT INTO SCR_COMPOSITION_O2M_TEST_ENTITY (ID,VERSION,CREATE_TS,CREATED_BY,UPDATE_TS,UPDATED_BY,DELETE_TS,DELETED_BY,NAME,DATATYPES_TEST_ENTITY_ID) VALUES ('719e54f2-0487-4286-bada-4ab59da2eafd',1,now(),'admin',now(),null,null,null,'COMPOSITION-O2M-3','032fd8a5-e042-4828-a802-36cbd2ce12de');
INSERT INTO SCR_COMPOSITION_O2M_TEST_ENTITY (ID,VERSION,CREATE_TS,CREATED_BY,UPDATE_TS,UPDATED_BY,DELETE_TS,DELETED_BY,NAME,DATATYPES_TEST_ENTITY_ID) VALUES ('3db9e36a-d17c-47c0-9fca-5779666f6cee',1,now(),'admin',now(),null,null,null,'COMPOSITION-O2M-4','b1a1f3c9-6076-4725-8c4a-65a4267d15e1');

UPDATE SCR_DATATYPES_TEST_ENTITY SET ASSOCIATION_O2_OATTR_ID = '1a8f4cd6-bc3a-46ef-8816-dda6ad484137', ASSOCIATION_M2_OATTR_ID = 'f6a3afc1-2c68-437c-9654-baf0035e34d0', COMPOSITION_O2_OATTR_ID = '76b5eb8c-522c-40ab-bd00-c761353684b3' WHERE ID = '032fd8a5-e042-4828-a802-36cbd2ce12de';
UPDATE SCR_DATATYPES_TEST_ENTITY SET ASSOCIATION_O2_OATTR_ID = '41b2d8cd-4976-487c-9df7-4c8ec900bdf6', ASSOCIATION_M2_OATTR_ID = 'dc9f6583-1262-40b2-857e-f9b0d85783bd', COMPOSITION_O2_OATTR_ID = 'b7cae0ab-7192-49de-9dcc-17e5db5c65c1' WHERE ID = 'b1a1f3c9-6076-4725-8c4a-65a4267d15e1';

INSERT INTO SCR_DATATYPES_TEST_ENTITY_ASSOCIATION_M2M_TEST_ENTITY_LINK (DATATYPES_TEST_ENTITY_ID,ASSOCIATION_M2_M_TEST_ENTITY_ID) VALUES ('032fd8a5-e042-4828-a802-36cbd2ce12de','fe66289d-bf1d-4777-90f7-788a1a4ed0fa');
INSERT INTO SCR_DATATYPES_TEST_ENTITY_ASSOCIATION_M2M_TEST_ENTITY_LINK (DATATYPES_TEST_ENTITY_ID,ASSOCIATION_M2_M_TEST_ENTITY_ID) VALUES ('032fd8a5-e042-4828-a802-36cbd2ce12de','a13fe377-43a9-45e7-9b08-cefd4fac3761');
INSERT INTO SCR_DATATYPES_TEST_ENTITY_ASSOCIATION_M2M_TEST_ENTITY_LINK (DATATYPES_TEST_ENTITY_ID,ASSOCIATION_M2_M_TEST_ENTITY_ID) VALUES ('b1a1f3c9-6076-4725-8c4a-65a4267d15e1','fe66289d-bf1d-4777-90f7-788a1a4ed0fa');
INSERT INTO SCR_DATATYPES_TEST_ENTITY_ASSOCIATION_M2M_TEST_ENTITY_LINK (DATATYPES_TEST_ENTITY_ID,ASSOCIATION_M2_M_TEST_ENTITY_ID) VALUES ('b1a1f3c9-6076-4725-8c4a-65a4267d15e1','a13fe377-43a9-45e7-9b08-cefd4fac3761');
INSERT INTO SCR_DATATYPES_TEST_ENTITY_ASSOCIATION_M2M_TEST_ENTITY_LINK (DATATYPES_TEST_ENTITY_ID,ASSOCIATION_M2_M_TEST_ENTITY_ID) VALUES ('b1a1f3c9-6076-4725-8c4a-65a4267d15e1','8109ac31-9982-4156-ba30-a34591a4142b');
